Network,0,1,2,3,4
#1MTrajeados,3471,34,452,173,27
#AMLOLujoDePresidente,4388,75,928,809,56
#ARMY,9176,109,215,236,85
#AntorchaAyudaATabasco,1292,17,214,615,15
#AvisoCovidEdomex,4135,121,172,65,102
#BuenFinSeguro,3271,92,289,47,72
#ByeByeTrump,8005,1032,2084,807,803
#Confetti,3944,47,467,380,43
#CovidDerrotaAPuebla,1624,12,42,122,10
#CuidemosTodosDeTodos,8157,105,211,121,83
#DiaInternacionalDelHombre,5774,828,2896,374,615
#Elecciones2020,6738,548,1888,683,403
#Fakeministas,5060,23,330,295,21
#FelizLunes,5504,981,5771,518,695
#FelizMartes,11148,30,194,88,23
#FelizMiercoles,5234,1083,5832,535,757
#Fortnite,4428,736,1392,477,528
#GoPackGo,8123,125,466,284,100
#HalaMadrid,8602,200,445,194,161
#HappyAuronDay,4186,38,738,271,31
#ImolaGP,7368,137,605,312,112
#JusticeForJohnnyDepp,7731,137,872,640,116
#JusticiaParaAlexis,7307,74,1192,494,64
#LaBrujaDelPalacio,3602,44,1161,347,36
#LordMontajes,6534,48,540,684,40
#MasterChefMx,2431,75,809,515,66
#MatriomonioIgualitarioPuebla,3263,48,875,146,37
#NiallHoran,3613,13,258,418,13
#OfrendaEdomex,8418,93,68,155,85
#POSITIONS,5991,636,1321,670,517
#RatitaNoEstasSolo,5301,18,211,433,14
#SalarioRosa2,7235,36,26,70,32
#SerieMundial,11189,173,792,381,127
#SiguesTuLopez,5605,82,736,864,72
#SoloLasMujeresMenstruan,8866,237,911,366,180
#TarjetaRosa,5308,64,104,157,60
#Temblor,7704,284,1024,437,223
#TheMandalorian,7424,1393,2273,419,1062
#TrumpvsBiden,7452,1016,2287,379,746
#UnPeligroParaMexico,2525,31,1406,185,24
#WonderAtMidnight,2628,18,272,934,17
#XSXFridgeSweeps,7473,205,103,84,171
#Xavi,8827,1058,2549,1036,745
#nosfaltajorge,10726,155,793,337,114
Best_Buy,8238,1179,1864,682,904
Best_Buy_Liquidacion,5767,2170,3244,684,1725
Bloomberg,12175,507,1495,583,354
Bob_Esponja,6131,1152,942,222,921
Brozo,10621,92,556,675,75
Censura,11147,621,1656,948,473
Checo,10532,680,1217,1033,545
Chile,5321,2008,4465,1240,1609
Chivas,6056,276,1325,960,224
Coco,3026,3339,6489,215,2503
Cruz_Azul,7064,1336,1962,1249,1100
DiaDeMuertos,10703,674,2516,435,500
Dinamarca,7153,454,1661,996,355
Europa_League,10435,1400,1877,833,1079
FONDEN,7706,120,947,737,90
Greta,12961,571,1187,488,432
Halloween,5085,5142,6244,392,4198
HereWeGo,4198,450,1233,577,363
KAROL,711,467,1861,156,330
Maluma,8121,786,940,612,634
Manchester_United,10021,960,1858,544,759
Pfizer,10857,1457,3230,1459,1100
Pumas,5602,604,1706,883,476
Ravens,5250,805,1393,631,620
Rayados,6784,118,551,506,95
SpotifyWrapped,7698,876,2102,954,690
SystemofaDown,8801,1046,1447,307,834
Trump,8210,2295,4860,1949,1773
Viena,9040,553,1838,754,405
Worlds2020,10430,199,1040,291,154
Yakult,7687,709,1027,420,533
